倒数第二列,平均值
,
10000元/平米,10000.0
10030元/平米,10030.0
10068元/平米,10068.0
10078元/平米,10078.0
10079元/平米,10079.0
10087元/平米,10087.0
10094元/平米,10094.0
10157元/平米,10157.0
10172元/平米,10172.0
10190元/平米,10190.0
10207元/平米,10207.0
10238元/平米,10238.0
10240元/平米,10240.0
10244元/平米,10244.0
10246元/平米,10246.0
10249元/平米,10249.0
10265元/平米,10265.0
10273元/平米,10273.0
10279元/平米,10279.0
10295元/平米,10295.0
10300元/平米,10300.0
10304元/平米,10304.0
10316元/平米,10316.0
10317元/平米,10317.0
10320元/平米,10320.0
10333元/平米,10333.0
10345元/平米,10345.0
10350元/平米,10350.0
10358元/平米,10358.0
10360元/平米,10360.0
10361元/平米,10361.0
10377元/平米,10377.0
10379元/平米,10379.0
10388元/平米,10388.0
10409元/平米,10409.0
10417元/平米,10417.0
10434元/平米,10434.0
10437元/平米,10437.0
10442元/平米,10442.0
10452元/平米,10452.0
10478元/平米,10478.0
10491元/平米,10491.0
10495元/平米,10495.0
10502元/平米,10502.0
10505元/平米,10505.0
10509元/平米,10509.0
10519元/平米,10519.0
10526元/平米,10526.0
10531元/平米,10531.0
10544元/平米,10544.0
10567元/平米,10567.0
10572元/平米,10572.0
10575元/平米,10575.0
10581元/平米,10581.0
10586元/平米,10586.0
10623元/平米,10623.0
10625元/平米,10625.0
10636元/平米,10636.0
10640元/平米,10640.0
10653元/平米,10653.0
10659元/平米,10659.0
10673元/平米,10673.0
10674元/平米,10674.0
10693元/平米,10693.0
10712元/平米,10712.0
10717元/平米,10717.0
10719元/平米,10719.0
10736元/平米,10736.0
10738元/平米,10738.0
10739元/平米,10739.0
10746元/平米,10746.0
10748元/平米,10748.0
10764元/平米,10764.0
10765元/平米,10765.0
10767元/平米,10767.0
10769元/平米,10769.0
10772元/平米,10772.0
10774元/平米,10774.0
10781元/平米,10781.0
10800元/平米,10800.0
10803元/平米,10803.0
10816元/平米,10816.0
10829元/平米,10829.0
10831元/平米,10831.0
10842元/平米,10842.0
10848元/平米,10848.0
10858元/平米,10858.0
10870元/平米,10870.0
10907元/平米,10907.0
10917元/平米,10917.0
10918元/平米,10918.0
10931元/平米,10931.0
10939元/平米,10939.0
10944元/平米,10944.0
10951元/平米,10951.0
10954元/平米,10954.0
10957元/平米,10957.0
10967元/平米,10967.0
10968元/平米,10968.0
10985元/平米,10985.0
11004元/平米,11004.0
11007元/平米,11007.0
11010元/平米,11010.0
11013元/平米,11013.0
11016元/平米,11016.0
11019元/平米,11019.0
11030元/平米,11030.0
11034元/平米,11034.0
11035元/平米,11035.0
11052元/平米,11052.0
11082元/平米,11082.0
11089元/平米,11089.0
11093元/平米,11093.0
11100元/平米,11100.0
11105元/平米,11105.0
11106元/平米,11106.0
11107元/平米,11107.0
11110元/平米,11110.0
11112元/平米,11112.0
11115元/平米,11115.0
11140元/平米,11140.0
11153元/平米,11153.0
11157元/平米,11157.0
11161元/平米,11161.0
11163元/平米,11163.0
11190元/平米,11190.0
11192元/平米,11192.0
11203元/平米,11203.0
11209元/平米,11209.0
11218元/平米,11218.0
11224元/平米,11224.0
11234元/平米,11234.0
11239元/平米,11239.0
11243元/平米,11243.0
11247元/平米,11247.0
11264元/平米,11264.0
11274元/平米,11274.0
11277元/平米,11277.0
11284元/平米,11284.0
11293元/平米,11293.0
11297元/平米,11297.0
11309元/平米,11309.0
11332元/平米,11332.0
11376元/平米,11376.0
11391元/平米,11391.0
11392元/平米,11392.0
11393元/平米,11393.0
11396元/平米,11396.0
11401元/平米,11401.0
11402元/平米,11402.0
11407元/平米,11407.0
11424元/平米,11424.0
11434元/平米,11434.0
11436元/平米,11436.0
11450元/平米,11450.0
11486元/平米,11486.0
11487元/平米,11487.0
11489元/平米,11489.0
11508元/平米,11508.0
11510元/平米,11510.0
11528元/平米,11528.0
11538元/平米,11538.0
11551元/平米,11551.0
11552元/平米,11552.0
11553元/平米,11553.0
11554元/平米,11554.0
11555元/平米,11555.0
11556元/平米,11556.0
11557元/平米,11557.0
11582元/平米,11582.0
11583元/平米,11583.0
11586元/平米,11586.0
11633元/平米,11633.0
11634元/平米,11634.0
11644元/平米,11644.0
11648元/平米,11648.0
11651元/平米,11651.0
11652元/平米,11652.0
11654元/平米,11654.0
11656元/平米,11656.0
11667元/平米,11667.0
11681元/平米,11681.0
11685元/平米,11685.0
11686元/平米,11686.0
11695元/平米,11695.0
11703元/平米,11703.0
11716元/平米,11716.0
11724元/平米,11724.0
11733元/平米,11733.0
11736元/平米,11736.0
11740元/平米,11740.0
11751元/平米,11751.0
11753元/平米,11753.0
11756元/平米,11756.0
11762元/平米,11762.0
11766元/平米,11766.0
11769元/平米,11769.0
11773元/平米,11773.0
11795元/平米,11795.0
11800元/平米,11800.0
11818元/平米,11818.0
11819元/平米,11819.0
11825元/平米,11825.0
11830元/平米,11830.0
11837元/平米,11837.0
11842元/平米,11842.0
11853元/平米,11853.0
11861元/平米,11861.0
11867元/平米,11867.0
11872元/平米,11872.0
11888元/平米,11888.0
11905元/平米,11905.0
11913元/平米,11913.0
11915元/平米,11915.0
11926元/平米,11926.0
11938元/平米,11938.0
11942元/平米,11942.0
11949元/平米,11949.0
11956元/平米,11956.0
11963元/平米,11963.0
11966元/平米,11966.0
11969元/平米,11969.0
11989元/平米,11989.0
11990元/平米,11990.0
11995元/平米,11995.0
12002元/平米,12002.0
12018元/平米,12018.0
12029元/平米,12029.0
12043元/平米,12043.0
12046元/平米,12046.0
12049元/平米,12049.0
12057元/平米,12057.0
12061元/平米,12061.0
12063元/平米,12063.0
12065元/平米,12065.0
12087元/平米,12087.0
12098元/平米,12098.0
12114元/平米,12114.0
12118元/平米,12118.0
12127元/平米,12127.0
12129元/平米,12129.0
12150元/平米,12150.0
12158元/平米,12158.0
12159元/平米,12159.0
12161元/平米,12161.0
12168元/平米,12168.0
12174元/平米,12174.0
12177元/平米,12177.0
12188元/平米,12188.0
12190元/平米,12190.0
12193元/平米,12193.0
12204元/平米,12204.0
12208元/平米,12208.0
12229元/平米,12229.0
12230元/平米,12230.0
12240元/平米,12240.0
12244元/平米,12244.0
12251元/平米,12251.0
12252元/平米,12252.0
12258元/平米,12258.0
12284元/平米,12284.0
12288元/平米,12288.0
12308元/平米,12308.0
12310元/平米,12310.0
12311元/平米,12311.0
12324元/平米,12324.0
12325元/平米,12325.0
12328元/平米,12328.0
12343元/平米,12343.0
12352元/平米,12352.0
12358元/平米,12358.0
12367元/平米,12367.0
12372元/平米,12372.0
12382元/平米,12382.0
12383元/平米,12383.0
12399元/平米,12399.0
12415元/平米,12415.0
12419元/平米,12419.0
12463元/平米,12463.0
12469元/平米,12469.0
12482元/平米,12482.0
12489元/平米,12489.0
12500元/平米,12500.0
12510元/平米,12510.0
12516元/平米,12516.0
12527元/平米,12527.0
12532元/平米,12532.0
12552元/平米,12552.0
12567元/平米,12567.0
12570元/平米,12570.0
12576元/平米,12576.0
12598元/平米,12598.0
12616元/平米,12616.0
12621元/平米,12621.0
12629元/平米,12629.0
12630元/平米,12630.0
12637元/平米,12637.0
12645元/平米,12645.0
12651元/平米,12651.0
12653元/平米,12653.0
12708元/平米,12708.0
12713元/平米,12713.0
12714元/平米,12714.0
12715元/平米,12715.0
12716元/平米,12716.0
12732元/平米,12732.0
12738元/平米,12738.0
12746元/平米,12746.0
12755元/平米,12755.0
12763元/平米,12763.0
12776元/平米,12776.0
12781元/平米,12781.0
12805元/平米,12805.0
12806元/平米,12806.0
12850元/平米,12850.0
12855元/平米,12855.0
12859元/平米,12859.0
12860元/平米,12860.0
12864元/平米,12864.0
12870元/平米,12870.0
12881元/平米,12881.0
12898元/平米,12898.0
12919元/平米,12919.0
12920元/平米,12920.0
12932元/平米,12932.0
12945元/平米,12945.0
12946元/平米,12946.0
12951元/平米,12951.0
12959元/平米,12959.0
12961元/平米,12961.0
12965元/平米,12965.0
12970元/平米,12970.0
12974元/平米,12974.0
12975元/平米,12975.0
12977元/平米,12977.0
12985元/平米,12985.0
12986元/平米,12986.0
13013元/平米,13013.0
13022元/平米,13022.0
13031元/平米,13031.0
13040元/平米,13040.0
13050元/平米,13050.0
13075元/平米,13075.0
13087元/平米,13087.0
13088元/平米,13088.0
13102元/平米,13102.0
13124元/平米,13124.0
13136元/平米,13136.0
13145元/平米,13145.0
13147元/平米,13147.0
13152元/平米,13152.0
13156元/平米,13156.0
13158元/平米,13158.0
13179元/平米,13179.0
13200元/平米,13200.0
13201元/平米,13201.0
13205元/平米,13205.0
13218元/平米,13218.0
13227元/平米,13227.0
13235元/平米,13235.0
13259元/平米,13259.0
13274元/平米,13274.0
13278元/平米,13278.0
13284元/平米,13284.0
13293元/平米,13293.0
13297元/平米,13297.0
13311元/平米,13311.0
13329元/平米,13329.0
13330元/平米,13330.0
13334元/平米,13334.0
13339元/平米,13339.0
13349元/平米,13349.0
13353元/平米,13353.0
13356元/平米,13356.0
13359元/平米,13359.0
13370元/平米,13370.0
13371元/平米,13371.0
13372元/平米,13372.0
13373元/平米,13373.0
13387元/平米,13387.0
13390元/平米,13390.0
13391元/平米,13391.0
13392元/平米,13392.0
13403元/平米,13403.0
13413元/平米,13413.0
13419元/平米,13419.0
13433元/平米,13433.0
13435元/平米,13435.0
13439元/平米,13439.0
13466元/平米,13466.0
13467元/平米,13467.0
13477元/平米,13477.0
13487元/平米,13487.0
13497元/平米,13497.0
13500元/平米,13500.0
13517元/平米,13517.0
13523元/平米,13523.0
13527元/平米,13527.0
13544元/平米,13544.0
13559元/平米,13559.0
13581元/平米,13581.0
13602元/平米,13602.0
13614元/平米,13614.0
13622元/平米,13622.0
13634元/平米,13634.0
13640元/平米,13640.0
13644元/平米,13644.0
13647元/平米,13647.0
13649元/平米,13649.0
13658元/平米,13658.0
13664元/平米,13664.0
13687元/平米,13687.0
13693元/平米,13693.0
13697元/平米,13697.0
13719元/平米,13719.0
13727元/平米,13727.0
13739元/平米,13739.0
13749元/平米,13749.0
13750元/平米,13750.0
13777元/平米,13777.0
13778元/平米,13778.0
13782元/平米,13782.0
13785元/平米,13785.0
13790元/平米,13790.0
13795元/平米,13795.0
13805元/平米,13805.0
13808元/平米,13808.0
13823元/平米,13823.0
13828元/平米,13828.0
13830元/平米,13830.0
13855元/平米,13855.0
13884元/平米,13884.0
13885元/平米,13885.0
13900元/平米,13900.0
13904元/平米,13904.0
13909元/平米,13909.0
13913元/平米,13913.0
13932元/平米,13932.0
13936元/平米,13936.0
13940元/平米,13940.0
13946元/平米,13946.0
13950元/平米,13950.0
13964元/平米,13964.0
13966元/平米,13966.0
13968元/平米,13968.0
13972元/平米,13972.0
13982元/平米,13982.0
13987元/平米,13987.0
13994元/平米,13994.0
14005元/平米,14005.0
14015元/平米,14015.0
14023元/平米,14023.0
14040元/平米,14040.0
14044元/平米,14044.0
14051元/平米,14051.0
14055元/平米,14055.0
14061元/平米,14061.0
14062元/平米,14062.0
14065元/平米,14065.0
14068元/平米,14068.0
14074元/平米,14074.0
14079元/平米,14079.0
14082元/平米,14082.0
14089元/平米,14089.0
14107元/平米,14107.0
14109元/平米,14109.0
14116元/平米,14116.0
14118元/平米,14118.0
14132元/平米,14132.0
14137元/平米,14137.0
14139元/平米,14139.0
14147元/平米,14147.0
14148元/平米,14148.0
14168元/平米,14168.0
14175元/平米,14175.0
14183元/平米,14183.0
14202元/平米,14202.0
14205元/平米,14205.0
14237元/平米,14237.0
14244元/平米,14244.0
14246元/平米,14246.0
14248元/平米,14248.0
14253元/平米,14253.0
14273元/平米,14273.0
14274元/平米,14274.0
14298元/平米,14298.0
14305元/平米,14305.0
14311元/平米,14311.0
14322元/平米,14322.0
14376元/平米,14376.0
14377元/平米,14377.0
14387元/平米,14387.0
14400元/平米,14400.0
14401元/平米,14401.0
14404元/平米,14404.0
14412元/平米,14412.0
14422元/平米,14422.0
14428元/平米,14428.0
14445元/平米,14445.0
14455元/平米,14455.0
14473元/平米,14473.0
14478元/平米,14478.0
14482元/平米,14482.0
14493元/平米,14493.0
14514元/平米,14514.0
14517元/平米,14517.0
14519元/平米,14519.0
14528元/平米,14528.0
14539元/平米,14539.0
14540元/平米,14540.0
14557元/平米,14557.0
14571元/平米,14571.0
14575元/平米,14575.0
14596元/平米,14596.0
14603元/平米,14603.0
14613元/平米,14613.0
14630元/平米,14630.0
14641元/平米,14641.0
14655元/平米,14655.0
14656元/平米,14656.0
14658元/平米,14658.0
14668元/平米,14668.0
14672元/平米,14672.0
14686元/平米,14686.0
14687元/平米,14687.0
14690元/平米,14690.0
14700元/平米,14700.0
14723元/平米,14723.0
14735元/平米,14735.0
14737元/平米,14737.0
14747元/平米,14747.0
14759元/平米,14759.0
14790元/平米,14790.0
14802元/平米,14802.0
14826元/平米,14826.0
14841元/平米,14841.0
14842元/平米,14842.0
14843元/平米,14843.0
14857元/平米,14857.0
14865元/平米,14865.0
14886元/平米,14886.0
14894元/平米,14894.0
14910元/平米,14910.0
14912元/平米,14912.0
14918元/平米,14918.0
14928元/平米,14928.0
14946元/平米,14946.0
14970元/平米,14970.0
14976元/平米,14976.0
14984元/平米,14984.0
14989元/平米,14989.0
15012元/平米,15012.0
15021元/平米,15021.0
15025元/平米,15025.0
15038元/平米,15038.0
15043元/平米,15043.0
15044元/平米,15044.0
15064元/平米,15064.0
15095元/平米,15095.0
15110元/平米,15110.0
15114元/平米,15114.0
15143元/平米,15143.0
15150元/平米,15150.0
15165元/平米,15165.0
15188元/平米,15188.0
15204元/平米,15204.0
15219元/平米,15219.0
15232元/平米,15232.0
15237元/平米,15237.0
15249元/平米,15249.0
15250元/平米,15250.0
15263元/平米,15263.0
15293元/平米,15293.0
15295元/平米,15295.0
15297元/平米,15297.0
15302元/平米,15302.0
15319元/平米,15319.0
15326元/平米,15326.0
15328元/平米,15328.0
15336元/平米,15336.0
15350元/平米,15350.0
15357元/平米,15357.0
15376元/平米,15376.0
15379元/平米,15379.0
15412元/平米,15412.0
15414元/平米,15414.0
15426元/平米,15426.0
15427元/平米,15427.0
15455元/平米,15455.0
15474元/平米,15474.0
15479元/平米,15479.0
15489元/平米,15489.0
15495元/平米,15495.0
15496元/平米,15496.0
15528元/平米,15528.0
15539元/平米,15539.0
15543元/平米,15543.0
15558元/平米,15558.0
15563元/平米,15563.0
15585元/平米,15585.0
15590元/平米,15590.0
15592元/平米,15592.0
15595元/平米,15595.0
15596元/平米,15596.0
15608元/平米,15608.0
15610元/平米,15610.0
15625元/平米,15625.0
15638元/平米,15638.0
15646元/平米,15646.0
15656元/平米,15656.0
15666元/平米,15666.0
15667元/平米,15667.0
15682元/平米,15682.0
15683元/平米,15683.0
15687元/平米,15687.0
15691元/平米,15691.0
15696元/平米,15696.0
15698元/平米,15698.0
15715元/平米,15715.0
15727元/平米,15727.0
15733元/平米,15733.0
15744元/平米,15744.0
15751元/平米,15751.0
15764元/平米,15764.0
15767元/平米,15767.0
15782元/平米,15782.0
15794元/平米,15794.0
15795元/平米,15795.0
15797元/平米,15797.0
15798元/平米,15798.0
15807元/平米,15807.0
15813元/平米,15813.0
15816元/平米,15816.0
15823元/平米,15823.0
15829元/平米,15829.0
15831元/平米,15831.0
15839元/平米,15839.0
15845元/平米,15845.0
15860元/平米,15860.0
15866元/平米,15866.0
15874元/平米,15874.0
15890元/平米,15890.0
15900元/平米,15900.0
15908元/平米,15908.0
15910元/平米,15910.0
15912元/平米,15912.0
15924元/平米,15924.0
15941元/平米,15941.0
15942元/平米,15942.0
15944元/平米,15944.0
15950元/平米,15950.0
15963元/平米,15963.0
15973元/平米,15973.0
15985元/平米,15985.0
15989元/平米,15989.0
15995元/平米,15995.0
15999元/平米,15999.0
16002元/平米,16002.0
16014元/平米,16014.0
16015元/平米,16015.0
16020元/平米,16020.0
16039元/平米,16039.0
16046元/平米,16046.0
16074元/平米,16074.0
16075元/平米,16075.0
16076元/平米,16076.0
16081元/平米,16081.0
16082元/平米,16082.0
16083元/平米,16083.0
16089元/平米,16089.0
16090元/平米,16090.0
16104元/平米,16104.0
16113元/平米,16113.0
16117元/平米,16117.0
16123元/平米,16123.0
16125元/平米,16125.0
16137元/平米,16137.0
16143元/平米,16143.0
16144元/平米,16144.0
16149元/平米,16149.0
16157元/平米,16157.0
16167元/平米,16167.0
16168元/平米,16168.0
16180元/平米,16180.0
16209元/平米,16209.0
16214元/平米,16214.0
16219元/平米,16219.0
16242元/平米,16242.0
16254元/平米,16254.0
16256元/平米,16256.0
16257元/平米,16257.0
16265元/平米,16265.0
16267元/平米,16267.0
16269元/平米,16269.0
16274元/平米,16274.0
16279元/平米,16279.0
16297元/平米,16297.0
16305元/平米,16305.0
16307元/平米,16307.0
16344元/平米,16344.0
16368元/平米,16368.0
16375元/平米,16375.0
16381元/平米,16381.0
16387元/平米,16387.0
16391元/平米,16391.0
16394元/平米,16394.0
16398元/平米,16398.0
16403元/平米,16403.0
16423元/平米,16423.0
16427元/平米,16427.0
16439元/平米,16439.0
16447元/平米,16447.0
16448元/平米,16448.0
16463元/平米,16463.0
16498元/平米,16498.0
16502元/平米,16502.0
16511元/平米,16511.0
16512元/平米,16512.0
16525元/平米,16525.0
16532元/平米,16532.0
16536元/平米,16536.0
16539元/平米,16539.0
16547元/平米,16547.0
16552元/平米,16552.0
16566元/平米,16566.0
16569元/平米,16569.0
16581元/平米,16581.0
16590元/平米,16590.0
16600元/平米,16600.0
16602元/平米,16602.0
16621元/平米,16621.0
16635元/平米,16635.0
16639元/平米,16639.0
16649元/平米,16649.0
16677元/平米,16677.0
16709元/平米,16709.0
16748元/平米,16748.0
16764元/平米,16764.0
16774元/平米,16774.0
16799元/平米,16799.0
16806元/平米,16806.0
16822元/平米,16822.0
16826元/平米,16826.0
16832元/平米,16832.0
16835元/平米,16835.0
16843元/平米,16843.0
16845元/平米,16845.0
16848元/平米,16848.0
16871元/平米,16871.0
16872元/平米,16872.0
16878元/平米,16878.0
16887元/平米,16887.0
16903元/平米,16903.0
16908元/平米,16908.0
16911元/平米,16911.0
16923元/平米,16923.0
16927元/平米,16927.0
16939元/平米,16939.0
16947元/平米,16947.0
16950元/平米,16950.0
16955元/平米,16955.0
16973元/平米,16973.0
16983元/平米,16983.0
16989元/平米,16989.0
17008元/平米,17008.0
17014元/平米,17014.0
17016元/平米,17016.0
17035元/平米,17035.0
17039元/平米,17039.0
17040元/平米,17040.0
17057元/平米,17057.0
17064元/平米,17064.0
17099元/平米,17099.0
17118元/平米,17118.0
17119元/平米,17119.0
17120元/平米,17120.0
17152元/平米,17152.0
17167元/平米,17167.0
17186元/平米,17186.0
17189元/平米,17189.0
17200元/平米,17200.0
17203元/平米,17203.0
17204元/平米,17204.0
17206元/平米,17206.0
17212元/平米,17212.0
17215元/平米,17215.0
17230元/平米,17230.0
17236元/平米,17236.0
17248元/平米,17248.0
17251元/平米,17251.0
17260元/平米,17260.0
17265元/平米,17265.0
17280元/平米,17280.0
17299元/平米,17299.0
17316元/平米,17316.0
17322元/平米,17322.0
17332元/平米,17332.0
17341元/平米,17341.0
17346元/平米,17346.0
17352元/平米,17352.0
17355元/平米,17355.0
17362元/平米,17362.0
17365元/平米,17365.0
17366元/平米,17366.0
17370元/平米,17370.0
17384元/平米,17384.0
17429元/平米,17429.0
17433元/平米,17433.0
17445元/平米,17445.0
17467元/平米,17467.0
17473元/平米,17473.0
17477元/平米,17477.0
17493元/平米,17493.0
17498元/平米,17498.0
17540元/平米,17540.0
17541元/平米,17541.0
17544元/平米,17544.0
17568元/平米,17568.0
17572元/平米,17572.0
17578元/平米,17578.0
17588元/平米,17588.0
17596元/平米,17596.0
17602元/平米,17602.0
17612元/平米,17612.0
17618元/平米,17618.0
17620元/平米,17620.0
17626元/平米,17626.0
17646元/平米,17646.0
17652元/平米,17652.0
17655元/平米,17655.0
17658元/平米,17658.0
17664元/平米,17664.0
17691元/平米,17691.0
17701元/平米,17701.0
17707元/平米,17707.0
17709元/平米,17709.0
17710元/平米,17710.0
17714元/平米,17714.0
17720元/平米,17720.0
17722元/平米,17722.0
17738元/平米,17738.0
17746元/平米,17746.0
17751元/平米,17751.0
17758元/平米,17758.0
17766元/平米,17766.0
17771元/平米,17771.0
17803元/平米,17803.0
17809元/平米,17809.0
17811元/平米,17811.0
17813元/平米,17813.0
17835元/平米,17835.0
17877元/平米,17877.0
17889元/平米,17889.0
17912元/平米,17912.0
17914元/平米,17914.0
17922元/平米,17922.0
17927元/平米,17927.0
17928元/平米,17928.0
17934元/平米,17934.0
17952元/平米,17952.0
17960元/平米,17960.0
17980元/平米,17980.0
18000元/平米,18000.0
18026元/平米,18026.0
18028元/平米,18028.0
18032元/平米,18032.0
18059元/平米,18059.0
18074元/平米,18074.0
18082元/平米,18082.0
18088元/平米,18088.0
18130元/平米,18130.0
18144元/平米,18144.0
18146元/平米,18146.0
18147元/平米,18147.0
18152元/平米,18152.0
18179元/平米,18179.0
18185元/平米,18185.0
18192元/平米,18192.0
18199元/平米,18199.0
18203元/平米,18203.0
18220元/平米,18220.0
18225元/平米,18225.0
18253元/平米,18253.0
18254元/平米,18254.0
18257元/平米,18257.0
18265元/平米,18265.0
18269元/平米,18269.0
18282元/平米,18282.0
18295元/平米,18295.0
18297元/平米,18297.0
18327元/平米,18327.0
18329元/平米,18329.0
18414元/平米,18414.0
18436元/平米,18436.0
18441元/平米,18441.0
18442元/平米,18442.0
18445元/平米,18445.0
18456元/平米,18456.0
18462元/平米,18462.0
18485元/平米,18485.0
18489元/平米,18489.0
18504元/平米,18504.0
18505元/平米,18505.0
18536元/平米,18536.0
18549元/平米,18549.0
18555元/平米,18555.0
18580元/平米,18580.0
18582元/平米,18582.0
18584元/平米,18584.0
18590元/平米,18590.0
18592元/平米,18592.0
18593元/平米,18593.0
18595元/平米,18595.0
18610元/平米,18610.0
18613元/平米,18613.0
18641元/平米,18641.0
18644元/平米,18644.0
18653元/平米,18653.0
18663元/平米,18663.0
18665元/平米,18665.0
18675元/平米,18675.0
18684元/平米,18684.0
18689元/平米,18689.0
18703元/平米,18703.0
18705元/平米,18705.0
18712元/平米,18712.0
18713元/平米,18713.0
18729元/平米,18729.0
18732元/平米,18732.0
18750元/平米,18750.0
18774元/平米,18774.0
18818元/平米,18818.0
18822元/平米,18822.0
18838元/平米,18838.0
18850元/平米,18850.0
18853元/平米,18853.0
18854元/平米,18854.0
18862元/平米,18862.0
18881元/平米,18881.0
18889元/平米,18889.0
18905元/平米,18905.0
18917元/平米,18917.0
18927元/平米,18927.0
18934元/平米,18934.0
18942元/平米,18942.0
18962元/平米,18962.0
18969元/平米,18969.0
18997元/平米,18997.0
19005元/平米,19005.0
19017元/平米,19017.0
19022元/平米,19022.0
19027元/平米,19027.0
19041元/平米,19041.0
19046元/平米,19046.0
19050元/平米,19050.0
19133元/平米,19133.0
19143元/平米,19143.0
19180元/平米,19180.0
19193元/平米,19193.0
19260元/平米,19260.0
19298元/平米,19298.0
19323元/平米,19323.0
19327元/平米,19327.0
19330元/平米,19330.0
19360元/平米,19360.0
19369元/平米,19369.0
19410元/平米,19410.0
19417元/平米,19417.0
19444元/平米,19444.0
19452元/平米,19452.0
19453元/平米,19453.0
19457元/平米,19457.0
19459元/平米,19459.0
19472元/平米,19472.0
19491元/平米,19491.0
19500元/平米,19500.0
19520元/平米,19520.0
19523元/平米,19523.0
19532元/平米,19532.0
19544元/平米,19544.0
19550元/平米,19550.0
19553元/平米,19553.0
19567元/平米,19567.0
19587元/平米,19587.0
19604元/平米,19604.0
19610元/平米,19610.0
19615元/平米,19615.0
19630元/平米,19630.0
19642元/平米,19642.0
19654元/平米,19654.0
19661元/平米,19661.0
19691元/平米,19691.0
19701元/平米,19701.0
19709元/平米,19709.0
19726元/平米,19726.0
19729元/平米,19729.0
19751元/平米,19751.0
19755元/平米,19755.0
19760元/平米,19760.0
19765元/平米,19765.0
19772元/平米,19772.0
19804元/平米,19804.0
19823元/平米,19823.0
19836元/平米,19836.0
19866元/平米,19866.0
19882元/平米,19882.0
19901元/平米,19901.0
19935元/平米,19935.0
19951元/平米,19951.0
19971元/平米,19971.0
19975元/平米,19975.0
19984元/平米,19984.0
20005元/平米,20005.0
20012元/平米,20012.0
20035元/平米,20035.0
20083元/平米,20083.0
20089元/平米,20089.0
20104元/平米,20104.0
20160元/平米,20160.0
20209元/平米,20209.0
20269元/平米,20269.0
20279元/平米,20279.0
20301元/平米,20301.0
20320元/平米,20320.0
20367元/平米,20367.0
20375元/平米,20375.0
20376元/平米,20376.0
20377元/平米,20377.0
20401元/平米,20401.0
20418元/平米,20418.0
20471元/平米,20471.0
20503元/平米,20503.0
20520元/平米,20520.0
20526元/平米,20526.0
20527元/平米,20527.0
20547元/平米,20547.0
20552元/平米,20552.0
20582元/平米,20582.0
20585元/平米,20585.0
20586元/平米,20586.0
20590元/平米,20590.0
20615元/平米,20615.0
20644元/平米,20644.0
20649元/平米,20649.0
20683元/平米,20683.0
20709元/平米,20709.0
20798元/平米,20798.0
20842元/平米,20842.0
20845元/平米,20845.0
20874元/平米,20874.0
20880元/平米,20880.0
20897元/平米,20897.0
20919元/平米,20919.0
20941元/平米,20941.0
20963元/平米,20963.0
20964元/平米,20964.0
20985元/平米,20985.0
20995元/平米,20995.0
21011元/平米,21011.0
21018元/平米,21018.0
21046元/平米,21046.0
21089元/平米,21089.0
21121元/平米,21121.0
21122元/平米,21122.0
21132元/平米,21132.0
21150元/平米,21150.0
21176元/平米,21176.0
21183元/平米,21183.0
21199元/平米,21199.0
21215元/平米,21215.0
21230元/平米,21230.0
21236元/平米,21236.0
21336元/平米,21336.0
21344元/平米,21344.0
21351元/平米,21351.0
21363元/平米,21363.0
21365元/平米,21365.0
21373元/平米,21373.0
21378元/平米,21378.0
21388元/平米,21388.0
21401元/平米,21401.0
21427元/平米,21427.0
21438元/平米,21438.0
21544元/平米,21544.0
21564元/平米,21564.0
21571元/平米,21571.0
21638元/平米,21638.0
21639元/平米,21639.0
21643元/平米,21643.0
21657元/平米,21657.0
21684元/平米,21684.0
21698元/平米,21698.0
21711元/平米,21711.0
21718元/平米,21718.0
21732元/平米,21732.0
21735元/平米,21735.0
21753元/平米,21753.0
21779元/平米,21779.0
21804元/平米,21804.0
21856元/平米,21856.0
21871元/平米,21871.0
21877元/平米,21877.0
21887元/平米,21887.0
21930元/平米,21930.0
21932元/平米,21932.0
21961元/平米,21961.0
22020元/平米,22020.0
22033元/平米,22033.0
22109元/平米,22109.0
22122元/平米,22122.0
22139元/平米,22139.0
22160元/平米,22160.0
22263元/平米,22263.0
22266元/平米,22266.0
22312元/平米,22312.0
22402元/平米,22402.0
22403元/平米,22403.0
22446元/平米,22446.0
22452元/平米,22452.0
22480元/平米,22480.0
22488元/平米,22488.0
22564元/平米,22564.0
22572元/平米,22572.0
22585元/平米,22585.0
22622元/平米,22622.0
22652元/平米,22652.0
22673元/平米,22673.0
22725元/平米,22725.0
22728元/平米,22728.0
22744元/平米,22744.0
22754元/平米,22754.0
22772元/平米,22772.0
22776元/平米,22776.0
22788元/平米,22788.0
22796元/平米,22796.0
22840元/平米,22840.0
22877元/平米,22877.0
22882元/平米,22882.0
22897元/平米,22897.0
22901元/平米,22901.0
22902元/平米,22902.0
22906元/平米,22906.0
22943元/平米,22943.0
22954元/平米,22954.0
22955元/平米,22955.0
22965元/平米,22965.0
22968元/平米,22968.0
22973元/平米,22973.0
22984元/平米,22984.0
22995元/平米,22995.0
23003元/平米,23003.0
23007元/平米,23007.0
23024元/平米,23024.0
23032元/平米,23032.0
23058元/平米,23058.0
23060元/平米,23060.0
23089元/平米,23089.0
23091元/平米,23091.0
23110元/平米,23110.0
23117元/平米,23117.0
23118元/平米,23118.0
23131元/平米,23131.0
23140元/平米,23140.0
23160元/平米,23160.0
23163元/平米,23163.0
23172元/平米,23172.0
23218元/平米,23218.0
23223元/平米,23223.0
23301元/平米,23301.0
23326元/平米,23326.0
23355元/平米,23355.0
23360元/平米,23360.0
23402元/平米,23402.0
23501元/平米,23501.0
23542元/平米,23542.0
23554元/平米,23554.0
23565元/平米,23565.0
23662元/平米,23662.0
23672元/平米,23672.0
23713元/平米,23713.0
23732元/平米,23732.0
2375元/平米,2375.0
23787元/平米,23787.0
23797元/平米,23797.0
23835元/平米,23835.0
23843元/平米,23843.0
23898元/平米,23898.0
23976元/平米,23976.0
24021元/平米,24021.0
24050元/平米,24050.0
24061元/平米,24061.0
24088元/平米,24088.0
24091元/平米,24091.0
24097元/平米,24097.0
24129元/平米,24129.0
24135元/平米,24135.0
24164元/平米,24164.0
24176元/平米,24176.0
24230元/平米,24230.0
24231元/平米,24231.0
24264元/平米,24264.0
24305元/平米,24305.0
24315元/平米,24315.0
24325元/平米,24325.0
24346元/平米,24346.0
24364元/平米,24364.0
24396元/平米,24396.0
24402元/平米,24402.0
24406元/平米,24406.0
24421元/平米,24421.0
24510元/平米,24510.0
24547元/平米,24547.0
24640元/平米,24640.0
24683元/平米,24683.0
24725元/平米,24725.0
24790元/平米,24790.0
24793元/平米,24793.0
24796元/平米,24796.0
24799元/平米,24799.0
24850元/平米,24850.0
24866元/平米,24866.0
25008元/平米,25008.0
25017元/平米,25017.0
25021元/平米,25021.0
25129元/平米,25129.0
25153元/平米,25153.0
25206元/平米,25206.0
25208元/平米,25208.0
25209元/平米,25209.0
25211元/平米,25211.0
25251元/平米,25251.0
25279元/平米,25279.0
25281元/平米,25281.0
25290元/平米,25290.0
25305元/平米,25305.0
25319元/平米,25319.0
25403元/平米,25403.0
25411元/平米,25411.0
25461元/平米,25461.0
25516元/平米,25516.0
25536元/平米,25536.0
25574元/平米,25574.0
25579元/平米,25579.0
25595元/平米,25595.0
2562元/平米,2562.0
25642元/平米,25642.0
25649元/平米,25649.0
25660元/平米,25660.0
25676元/平米,25676.0
25707元/平米,25707.0
25737元/平米,25737.0
25751元/平米,25751.0
25858元/平米,25858.0
25893元/平米,25893.0
25905元/平米,25905.0
25929元/平米,25929.0
25935元/平米,25935.0
25954元/平米,25954.0
25989元/平米,25989.0
26013元/平米,26013.0
26056元/平米,26056.0
26098元/平米,26098.0
26101元/平米,26101.0
26122元/平米,26122.0
26171元/平米,26171.0
26210元/平米,26210.0
26241元/平米,26241.0
26252元/平米,26252.0
26280元/平米,26280.0
26292元/平米,26292.0
26453元/平米,26453.0
26505元/平米,26505.0
26580元/平米,26580.0
26706元/平米,26706.0
26745元/平米,26745.0
26797元/平米,26797.0
26801元/平米,26801.0
26837元/平米,26837.0
26872元/平米,26872.0
26889元/平米,26889.0
26935元/平米,26935.0
26941元/平米,26941.0
26952元/平米,26952.0
26996元/平米,26996.0
27036元/平米,27036.0
27247元/平米,27247.0
27262元/平米,27262.0
27366元/平米,27366.0
27555元/平米,27555.0
27616元/平米,27616.0
27661元/平米,27661.0
27687元/平米,27687.0
27696元/平米,27696.0
27711元/平米,27711.0
27726元/平米,27726.0
27803元/平米,27803.0
27872元/平米,27872.0
27876元/平米,27876.0
27970元/平米,27970.0
28167元/平米,28167.0
28190元/平米,28190.0
28208元/平米,28208.0
28247元/平米,28247.0
28252元/平米,28252.0
28350元/平米,28350.0
28403元/平米,28403.0
28412元/平米,28412.0
28442元/平米,28442.0
28445元/平米,28445.0
28482元/平米,28482.0
28503元/平米,28503.0
28509元/平米,28509.0
28514元/平米,28514.0
28558元/平米,28558.0
28572元/平米,28572.0
28645元/平米,28645.0
28670元/平米,28670.0
28714元/平米,28714.0
28736元/平米,28736.0
28768元/平米,28768.0
28814元/平米,28814.0
28832元/平米,28832.0
28849元/平米,28849.0
28978元/平米,28978.0
29200元/平米,29200.0
2920元/平米,2920.0
29291元/平米,29291.0
29333元/平米,29333.0
29397元/平米,29397.0
29403元/平米,29403.0
29438元/平米,29438.0
29476元/平米,29476.0
29546元/平米,29546.0
29599元/平米,29599.0
29890元/平米,29890.0
29911元/平米,29911.0
30004元/平米,30004.0
30007元/平米,30007.0
30080元/平米,30080.0
30191元/平米,30191.0
30248元/平米,30248.0
30251元/平米,30251.0
30364元/平米,30364.0
30386元/平米,30386.0
30400元/平米,30400.0
30414元/平米,30414.0
3048元/平米,3048.0
30503元/平米,30503.0
30546元/平米,30546.0
30802元/平米,30802.0
30820元/平米,30820.0
30928元/平米,30928.0
30938元/平米,30938.0
31081元/平米,31081.0
31121元/平米,31121.0
31352元/平米,31352.0
31665元/平米,31665.0
31830元/平米,31830.0
31839元/平米,31839.0
31887元/平米,31887.0
31940元/平米,31940.0
31958元/平米,31958.0
31984元/平米,31984.0
32153元/平米,32153.0
32240元/平米,32240.0
32398元/平米,32398.0
32429元/平米,32429.0
32575元/平米,32575.0
32645元/平米,32645.0
32659元/平米,32659.0
33062元/平米,33062.0
33068元/平米,33068.0
33451元/平米,33451.0
33475元/平米,33475.0
33876元/平米,33876.0
34062元/平米,34062.0
34378元/平米,34378.0
34449元/平米,34449.0
34595元/平米,34595.0
34681元/平米,34681.0
34731元/平米,34731.0
35090元/平米,35090.0
35162元/平米,35162.0
3519元/平米,3519.0
35245元/平米,35245.0
35276元/平米,35276.0
35493元/平米,35493.0
3551元/平米,3551.0
35798元/平米,35798.0
3579元/平米,3579.0
35844元/平米,35844.0
3599元/平米,3599.0
3600元/平米,3600.0
36242元/平米,36242.0
3635元/平米,3635.0
3637元/平米,3637.0
36716元/平米,36716.0
3705元/平米,3705.0
3709元/平米,3709.0
37575元/平米,37575.0
3758元/平米,3758.0
37801元/平米,37801.0
38082元/平米,38082.0
38304元/平米,38304.0
38349元/平米,38349.0
3893元/平米,3893.0
3935元/平米,3935.0
3951元/平米,3951.0
4068元/平米,4068.0
4118元/平米,4118.0
4121元/平米,4121.0
41809元/平米,41809.0
42959元/平米,42959.0
43531元/平米,43531.0
44160元/平米,44160.0
44191元/平米,44191.0
4466元/平米,4466.0
4471元/平米,4471.0
4482元/平米,4482.0
4729元/平米,4729.0
4775元/平米,4775.0
4784元/平米,4784.0
4821元/平米,4821.0
4823元/平米,4823.0
4842元/平米,4842.0
4855元/平米,4855.0
4864元/平米,4864.0
4888元/平米,4888.0
4902元/平米,4902.0
4980元/平米,4980.0
4987元/平米,4987.0
5018元/平米,5018.0
5109元/平米,5109.0
5127元/平米,5127.0
5181元/平米,5181.0
5210元/平米,5210.0
5219元/平米,5219.0
5238元/平米,5238.0
5284元/平米,5284.0
5296元/平米,5296.0
53673元/平米,53673.0
5370元/平米,5370.0
5388元/平米,5388.0
5400元/平米,5400.0
5405元/平米,5405.0
5416元/平米,5416.0
5431元/平米,5431.0
5432元/平米,5432.0
5434元/平米,5434.0
5436元/平米,5436.0
5445元/平米,5445.0
5459元/平米,5459.0
5479元/平米,5479.0
5566元/平米,5566.0
5615元/平米,5615.0
5626元/平米,5626.0
5631元/平米,5631.0
5706元/平米,5706.0
5719元/平米,5719.0
5736元/平米,5736.0
5739元/平米,5739.0
5745元/平米,5745.0
5748元/平米,5748.0
5749元/平米,5749.0
5843元/平米,5843.0
5864元/平米,5864.0
5868元/平米,5868.0
5903元/平米,5903.0
5921元/平米,5921.0
5952元/平米,5952.0
5963元/平米,5963.0
5983元/平米,5983.0
6016元/平米,6016.0
6028元/平米,6028.0
6037元/平米,6037.0
6067元/平米,6067.0
6082元/平米,6082.0
6116元/平米,6116.0
6172元/平米,6172.0
6182元/平米,6182.0
6214元/平米,6214.0
6225元/平米,6225.0
6248元/平米,6248.0
6255元/平米,6255.0
6306元/平米,6306.0
6405元/平米,6405.0
6413元/平米,6413.0
6430元/平米,6430.0
6460元/平米,6460.0
6469元/平米,6469.0
6486元/平米,6486.0
6503元/平米,6503.0
6515元/平米,6515.0
6547元/平米,6547.0
6574元/平米,6574.0
6590元/平米,6590.0
6644元/平米,6644.0
6700元/平米,6700.0
6736元/平米,6736.0
6744元/平米,6744.0
6756元/平米,6756.0
6774元/平米,6774.0
6779元/平米,6779.0
6787元/平米,6787.0
6795元/平米,6795.0
6819元/平米,6819.0
6832元/平米,6832.0
6856元/平米,6856.0
6861元/平米,6861.0
6863元/平米,6863.0
6864元/平米,6864.0
6879元/平米,6879.0
6959元/平米,6959.0
6961元/平米,6961.0
6965元/平米,6965.0
6991元/平米,6991.0
7006元/平米,7006.0
7025元/平米,7025.0
7030元/平米,7030.0
7059元/平米,7059.0
7061元/平米,7061.0
7070元/平米,7070.0
7076元/平米,7076.0
7084元/平米,7084.0
7087元/平米,7087.0
7109元/平米,7109.0
7143元/平米,7143.0
7168元/平米,7168.0
7178元/平米,7178.0
7190元/平米,7190.0
7196元/平米,7196.0
7274元/平米,7274.0
7292元/平米,7292.0
7295元/平米,7295.0
7332元/平米,7332.0
7337元/平米,7337.0
7351元/平米,7351.0
7367元/平米,7367.0
7393元/平米,7393.0
7428元/平米,7428.0
7432元/平米,7432.0
7455元/平米,7455.0
7461元/平米,7461.0
7485元/平米,7485.0
7498元/平米,7498.0
7527元/平米,7527.0
7567元/平米,7567.0
7593元/平米,7593.0
7616元/平米,7616.0
7631元/平米,7631.0
7642元/平米,7642.0
7656元/平米,7656.0
7662元/平米,7662.0
7665元/平米,7665.0
7696元/平米,7696.0
7699元/平米,7699.0
7708元/平米,7708.0
7726元/平米,7726.0
7749元/平米,7749.0
7750元/平米,7750.0
7766元/平米,7766.0
7768元/平米,7768.0
7793元/平米,7793.0
7797元/平米,7797.0
7817元/平米,7817.0
7821元/平米,7821.0
7833元/平米,7833.0
7839元/平米,7839.0
7856元/平米,7856.0
7859元/平米,7859.0
7862元/平米,7862.0
7864元/平米,7864.0
7887元/平米,7887.0
7888元/平米,7888.0
7892元/平米,7892.0
7896元/平米,7896.0
7907元/平米,7907.0
7942元/平米,7942.0
7964元/平米,7964.0
7999元/平米,7999.0
8000元/平米,8000.0
8004元/平米,8004.0
8034元/平米,8034.0
8036元/平米,8036.0
8051元/平米,8051.0
8052元/平米,8052.0
8062元/平米,8062.0
8067元/平米,8067.0
8070元/平米,8070.0
8083元/平米,8083.0
8085元/平米,8085.0
8113元/平米,8113.0
8129元/平米,8129.0
8133元/平米,8133.0
8167元/平米,8167.0
8181元/平米,8181.0
8186元/平米,8186.0
8200元/平米,8200.0
8206元/平米,8206.0
8227元/平米,8227.0
8272元/平米,8272.0
8283元/平米,8283.0
8291元/平米,8291.0
8295元/平米,8295.0
8296元/平米,8296.0
8306元/平米,8306.0
8312元/平米,8312.0
8345元/平米,8345.0
8350元/平米,8350.0
8355元/平米,8355.0
8376元/平米,8376.0
8381元/平米,8381.0
8384元/平米,8384.0
8424元/平米,8424.0
8428元/平米,8428.0
8440元/平米,8440.0
8442元/平米,8442.0
8453元/平米,8453.0
8463元/平米,8463.0
8469元/平米,8469.0
8480元/平米,8480.0
8523元/平米,8523.0
8546元/平米,8546.0
8549元/平米,8549.0
8557元/平米,8557.0
8579元/平米,8579.0
8590元/平米,8590.0
8601元/平米,8601.0
8602元/平米,8602.0
8647元/平米,8647.0
8654元/平米,8654.0
8666元/平米,8666.0
8670元/平米,8670.0
8674元/平米,8674.0
8675元/平米,8675.0
8684元/平米,8684.0
8762元/平米,8762.0
8809元/平米,8809.0
8810元/平米,8810.0
8825元/平米,8825.0
8839元/平米,8839.0
8850元/平米,8850.0
8853元/平米,8853.0
8872元/平米,8872.0
8899元/平米,8899.0
8909元/平米,8909.0
8911元/平米,8911.0
8942元/平米,8942.0
8951元/平米,8951.0
8964元/平米,8964.0
8975元/平米,8975.0
8994元/平米,8994.0
8999元/平米,8999.0
9012元/平米,9012.0
9025元/平米,9025.0
9042元/平米,9042.0
9068元/平米,9068.0
9072元/平米,9072.0
9075元/平米,9075.0
9079元/平米,9079.0
9092元/平米,9092.0
9095元/平米,9095.0
9098元/平米,9098.0
9106元/平米,9106.0
9122元/平米,9122.0
9138元/平米,9138.0
9160元/平米,9160.0
9167元/平米,9167.0
9187元/平米,9187.0
9194元/平米,9194.0
9226元/平米,9226.0
9239元/平米,9239.0
9255元/平米,9255.0
9302元/平米,9302.0
9317元/平米,9317.0
9318元/平米,9318.0
9336元/平米,9336.0
9342元/平米,9342.0
9359元/平米,9359.0
9365元/平米,9365.0
9371元/平米,9371.0
9378元/平米,9378.0
9399元/平米,9399.0
9400元/平米,9400.0
9427元/平米,9427.0
9436元/平米,9436.0
9443元/平米,9443.0
9446元/平米,9446.0
9455元/平米,9455.0
9457元/平米,9457.0
9493元/平米,9493.0
9536元/平米,9536.0
9540元/平米,9540.0
9542元/平米,9542.0
9551元/平米,9551.0
9564元/平米,9564.0
9582元/平米,9582.0
9598元/平米,9598.0
9599元/平米,9599.0
9607元/平米,9607.0
9610元/平米,9610.0
9628元/平米,9628.0
9639元/平米,9639.0
9653元/平米,9653.0
9667元/平米,9667.0
9684元/平米,9684.0
9697元/平米,9697.0
9702元/平米,9702.0
9712元/平米,9712.0
9716元/平米,9716.0
9718元/平米,9718.0
9761元/平米,9761.0
9764元/平米,9764.0
9765元/平米,9765.0
9771元/平米,9771.0
9815元/平米,9815.0
9827元/平米,9827.0
9847元/平米,9847.0
9874元/平米,9874.0
9891元/平米,9891.0
9893元/平米,9893.0
9913元/平米,9913.0
9924元/平米,9924.0
9933元/平米,9933.0
9967元/平米,9967.0
9980元/平米,9980.0
9999元/平米,9999.0
